{
  "probe_0_FillTimings": {
    "first_fill_time": 0.0,
    "last_fill_time": 80.0,
    "avg_fill_interval": 20.0,
    "total_fills": 5
  },
  "probe_1_FillPrices": {
    "avg_fill_price": 113.3579189136581,
    "min_fill_price": 95.26009548565808,
    "max_fill_price": 128.16034414348934,
    "vwap": 113.35791891365811,
    "total_qty": 50.0
  },
  "run_id": 1,
  "strategy": "TwapMarket",
  "seed": 43
}