{
  "probe_0_FillTimings": {
    "first_fill_time": 0.0,
    "last_fill_time": 80.0,
    "avg_fill_interval": 20.0,
    "total_fills": 5
  },
  "probe_1_FillPrices": {
    "avg_fill_price": 84.22261442865394,
    "min_fill_price": 65.74675853600121,
    "max_fill_price": 113.18910604696151,
    "vwap": 84.22261442865394,
    "total_qty": 50.0
  },
  "run_id": 4,
  "strategy": "TwapMarket",
  "seed": 46
}